Credit_Score,Annual_Income,Loan_Amount,Loan_Term,Employment_Status,Approved
402,131829,470959,48,Self-Employed,0
735,138377,454449,12,Self-Employed,1
570,219483,288681,12,Employed,0
406,11622,495509,36,Unemployed,0
371,58756,340720,60,Employed,0
320,50809,108522,6,Self-Employed,0
421,26725,23612,48,Self-Employed,0
766,202468,226049,12,Employed,1
514,61226,269615,48,Employed,0
630,247368,167703,12,Self-Employed,1
758,91182,241069,48,Self-Employed,1
387,223637,224131,24,Self-Employed,0
672,39402,32348,12,Employed,1
399,14263,196804,48,Self-Employed,0
430,237595,264321,6,Self-Employed,0
608,187900,136832,24,Unemployed,0
643,57924,295923,24,Employed,0
791,84182,284780,6,Unemployed,0
713,234137,82889,48,Unemployed,0
685,200124,54551,36,Self-Employed,1
491,152736,405772,6,Employed,0
576,45737,421814,48,Self-Employed,0
460,111332,143635,6,Employed,0
759,99563,47819,6,Unemployed,0
613,170445,336914,12,Employed,1
321,177469,485271,48,Self-Employed,0
552,138575,421182,36,Self-Employed,0
774,227217,213781,12,Self-Employed,1
358,111371,454105,6,Employed,0
810,48709,159059,60,Unemployed,0
775,202192,341858,6,Unemployed,0
489,160322,499090,6,Employed,0
543,31172,190420,48,Self-Employed,0
804,21555,25596,48,Unemployed,0
430,228482,427390,12,Self-Employed,0
784,219689,327250,36,Employed,1
320,63276,464183,12,Self-Employed,0
466,67492,60182,24,Unemployed,0
573,194074,487516,6,Unemployed,0
687,99599,350307,60,Self-Employed,0
615,213427,302454,6,Employed,0
313,232320,319232,6,Self-Employed,0
541,165834,129803,12,Employed,0
645,21046,140978,60,Self-Employed,0
639,238071,300058,60,Unemployed,0
391,126021,373494,60,Employed,0
666,169841,46379,12,Employed,1
754,194374,472828,6,Employed,0
727,164222,246900,12,Unemployed,0
808,209319,259517,48,Self-Employed,1
334,14853,431866,48,Unemployed,0
505,235685,441097,12,Employed,0
380,130900,309557,60,Self-Employed,0
687,230471,138084,6,Unemployed,0
301,162864,182187,12,Employed,0
689,69129,270295,12,Employed,0
405,247091,58716,12,Unemployed,0
776,215550,356891,24,Unemployed,0
701,124130,224725,48,Unemployed,0
461,208370,168450,60,Employed,0
501,173059,174724,36,Unemployed,0
569,156922,204502,60,Employed,0
570,153184,145539,36,Unemployed,0
755,131789,425226,24,Employed,1
761,165130,122999,12,Employed,1
551,186492,115793,24,Self-Employed,0
595,48890,448907,24,Unemployed,0
637,76017,458373,6,Unemployed,0
352,188376,371321,48,Employed,0
516,173993,13289,36,Employed,0
487,246993,177048,12,Employed,0
679,142596,175668,36,Self-Employed,1
792,110424,417387,60,Self-Employed,0
340,25048,232513,36,Employed,0
456,176183,258368,60,Unemployed,0
314,178976,87365,48,Unemployed,0
364,64912,231662,60,Self-Employed,0
820,44008,377158,36,Self-Employed,0
643,141132,176211,36,Employed,1
428,215738,180785,60,Unemployed,0
771,93559,423950,24,Employed,0
362,65337,73588,48,Self-Employed,0
438,120616,64646,6,Unemployed,0
798,23350,266798,12,Unemployed,0
691,34354,483238,36,Self-Employed,0
718,55186,281887,12,Employed,0
588,38145,311512,6,Employed,0
678,175092,222097,12,Unemployed,0
789,96123,206244,6,Self-Employed,0
530,247739,400657,60,Unemployed,0
340,216258,120735,24,Self-Employed,0
327,226541,156683,36,Employed,0
434,30581,383035,6,Self-Employed,0
500,98929,108971,12,Employed,0
332,33051,13149,36,Self-Employed,0
347,61474,363246,24,Unemployed,0
802,101748,322333,60,Employed,1
706,135995,239976,36,Unemployed,0
398,79626,415891,6,Unemployed,0
846,16960,334175,24,Employed,0
761,176844,43668,12,Employed,1
304,162592,407889,24,Unemployed,0
517,190553,470882,24,Unemployed,0
802,46408,89204,48,Unemployed,0
697,104006,212830,24,Unemployed,0
692,67134,197501,24,Employed,1
506,161563,417885,36,Employed,0
314,142413,166140,12,Unemployed,0
760,185695,220861,36,Self-Employed,1
540,100327,141507,36,Self-Employed,0
395,141410,226160,6,Employed,0
784,212503,184321,36,Unemployed,0
706,153326,38384,48,Unemployed,0
530,192932,82929,48,Employed,0
470,21344,391103,6,Self-Employed,0
840,142822,77153,60,Self-Employed,1
335,195828,236128,12,Self-Employed,0
824,77957,76388,12,Employed,1
459,115423,32401,36,Self-Employed,0
542,68053,203903,36,Employed,0
385,211927,120503,60,Employed,0
327,156968,233601,36,Unemployed,0
639,196833,128834,12,Self-Employed,1
630,203624,35084,24,Employed,1
805,87454,252459,48,Self-Employed,1
647,100600,111641,24,Self-Employed,1
772,132732,106111,24,Unemployed,0
530,169007,450042,12,Self-Employed,0
489,47641,430667,24,Unemployed,0
524,39711,139299,60,Employed,0
684,80342,163982,6,Self-Employed,0
676,116896,299185,36,Employed,1
582,153254,352064,6,Self-Employed,0
558,97833,328825,48,Employed,0
658,66276,235386,36,Self-Employed,0
755,29541,344715,24,Self-Employed,0
710,104457,197553,48,Self-Employed,1
617,223382,462792,36,Self-Employed,1
524,54813,261337,60,Self-Employed,0
533,178270,128556,60,Self-Employed,0
673,149892,196246,60,Self-Employed,1
771,34070,27160,60,Self-Employed,1
532,210840,247242,24,Self-Employed,0
412,152194,18633,6,Employed,0
796,90559,489096,36,Unemployed,0
741,214615,280158,24,Self-Employed,1
567,224513,343676,60,Unemployed,0
809,51786,50104,6,Self-Employed,0
685,236006,435837,48,Self-Employed,1
686,240876,340375,48,Employed,1
412,147809,69388,48,Employed,0
380,46062,17014,60,Unemployed,0
412,195309,93578,48,Employed,0
301,61571,165827,12,Employed,0
519,35510,41390,36,Unemployed,0
524,29426,286855,36,Employed,0
684,47265,92658,60,Self-Employed,1
702,158922,58993,12,Unemployed,0
429,76150,206768,24,Unemployed,0
352,97312,159285,24,Self-Employed,0
715,99613,247860,48,Employed,1
546,84910,499172,6,Unemployed,0
738,62375,452000,24,Unemployed,0
502,131826,270565,6,Self-Employed,0
483,45435,219008,36,Self-Employed,0
422,106443,493289,6,Employed,0
700,198204,18727,36,Unemployed,0
593,220017,375562,12,Employed,0
579,223122,5358,12,Employed,0
497,236474,328252,60,Self-Employed,0
810,144055,258681,60,Unemployed,0
443,238313,95018,48,Unemployed,0
500,161734,387601,24,Unemployed,0
423,33510,426333,48,Self-Employed,0
486,219259,482916,36,Self-Employed,0
625,182070,295054,48,Self-Employed,1
763,197918,127888,6,Self-Employed,0
648,104071,230104,36,Self-Employed,1
702,16640,318898,60,Unemployed,0
645,54547,194510,12,Employed,0
810,64620,110847,60,Unemployed,0
446,156389,423587,24,Employed,0
447,125608,445717,36,Self-Employed,0
788,17564,455162,36,Employed,0
850,168417,301611,6,Unemployed,0
637,123824,411841,24,Unemployed,0
772,235295,297037,12,Employed,1
450,89273,77329,36,Self-Employed,0
714,84859,32007,36,Self-Employed,1
597,221837,485518,6,Unemployed,0
562,120017,171604,48,Employed,0
443,215110,317397,12,Self-Employed,0
645,133618,13323,60,Self-Employed,1
301,193465,374479,24,Unemployed,0
603,207153,113356,36,Self-Employed,1
553,135341,111944,36,Employed,0
752,243722,205451,60,Unemployed,0
336,39430,408426,12,Unemployed,0
459,216604,279600,48,Employed,0
308,37788,32367,36,Unemployed,0
532,236577,55624,12,Self-Employed,0
398,189615,404322,60,Self-Employed,0
507,154991,235565,6,Employed,0
430,79346,69008,48,Self-Employed,0
703,106122,389070,24,Employed,0
451,49974,378539,36,Employed,0
353,117309,117492,12,Self-Employed,0
419,26371,73240,6,Employed,0
719,55084,327459,24,Self-Employed,0
721,170701,463465,12,Unemployed,0
403,192256,202659,12,Unemployed,0
553,71916,273900,24,Employed,0
526,83972,462227,6,Self-Employed,0
411,203259,299522,60,Self-Employed,0
809,22984,136327,6,Unemployed,0
772,43039,408700,48,Unemployed,0
398,95431,126703,36,Self-Employed,0
452,93691,319693,24,Employed,0
637,68606,166575,60,Unemployed,0
462,151688,336938,24,Employed,0
460,112665,494948,24,Employed,0
697,115373,308257,6,Unemployed,0
576,191144,499946,36,Employed,0
803,34574,75069,48,Employed,1
691,144502,230189,12,Self-Employed,1
434,153748,399465,12,Employed,0
494,151888,252051,24,Self-Employed,0
700,42733,413417,36,Unemployed,0
332,226752,126541,60,Unemployed,0
759,12050,190648,6,Self-Employed,0
769,119996,257353,36,Unemployed,0
674,43933,272830,36,Employed,0
321,34951,316507,6,Employed,0
337,42413,360687,24,Employed,0
529,175873,132733,36,Unemployed,0
664,196691,176915,12,Employed,1
737,173985,96673,6,Unemployed,0
582,122573,455179,60,Employed,0
326,181672,43828,48,Self-Employed,0
525,198847,311748,24,Unemployed,0
576,231888,273670,6,Unemployed,0
583,231165,332054,48,Employed,0
780,176472,26592,48,Unemployed,0
752,145566,292126,60,Unemployed,0
815,221760,263351,36,Self-Employed,1
846,132744,233041,60,Self-Employed,1
491,99431,351877,36,Employed,0
348,215763,231008,36,Self-Employed,0
811,238491,125982,6,Employed,0
316,249802,257911,6,Employed,0
471,53001,69619,24,Employed,0
519,77364,161400,36,Unemployed,0
457,134988,309623,48,Self-Employed,0
776,55028,152175,12,Employed,1
345,248506,171963,24,Self-Employed,0
672,238731,142826,6,Employed,0
817,178645,232055,60,Self-Employed,1
398,141878,344581,24,Self-Employed,0
336,134343,99540,24,Employed,0
579,197710,336126,24,Unemployed,0
648,138301,103747,24,Self-Employed,1
796,136295,187994,12,Unemployed,0
601,247578,311375,60,Unemployed,0
480,170829,30301,60,Employed,0
398,44636,223724,60,Employed,0
415,221169,194783,36,Employed,0
490,189352,173395,48,Self-Employed,0
552,34262,19752,60,Employed,0
460,90435,492128,24,Employed,0
555,203283,214277,24,Self-Employed,0
622,195914,361596,60,Self-Employed,1
427,138583,145467,60,Employed,0
317,198051,218029,24,Employed,0
622,222542,384381,36,Employed,1
587,179269,57273,6,Employed,0
454,51844,259503,6,Unemployed,0
789,74754,92878,60,Unemployed,0
685,242940,268039,12,Employed,1
403,175229,120968,60,Unemployed,0
692,87129,378844,60,Self-Employed,0
545,50042,77559,6,Unemployed,0
475,71665,11699,24,Unemployed,0
338,126953,197133,60,Employed,0
776,223928,10715,24,Unemployed,0
837,168448,20169,24,Unemployed,0
707,196626,119413,12,Unemployed,0
824,155271,410379,24,Unemployed,0
805,128533,120264,6,Self-Employed,0
335,222484,268926,36,Employed,0
319,192020,220249,36,Employed,0
620,83781,125481,48,Self-Employed,1
811,213822,216400,60,Unemployed,0
699,76262,36585,6,Self-Employed,0
770,56600,293826,24,Unemployed,0
442,86898,179936,36,Self-Employed,0
391,203555,393136,6,Employed,0
653,159369,347560,36,Employed,1
350,40448,449330,24,Employed,0
489,36172,390954,36,Unemployed,0
424,183946,39067,60,Unemployed,0
449,17657,174757,60,Self-Employed,0
613,225458,254334,48,Self-Employed,1
641,166497,19073,48,Employed,1
604,167757,37035,36,Unemployed,0
353,122855,197049,6,Self-Employed,0
743,165650,234782,60,Unemployed,0
563,169903,91373,6,Unemployed,0
352,17906,346506,6,Employed,0
304,71413,91517,36,Employed,0
402,64028,66450,6,Unemployed,0
495,17287,11382,60,Unemployed,0
649,43660,398653,24,Unemployed,0
346,216830,203043,48,Unemployed,0
568,70504,458828,24,Employed,0
669,200792,222427,6,Self-Employed,0
405,112979,62929,24,Employed,0
419,44701,234483,60,Self-Employed,0
357,93300,229590,60,Unemployed,0
645,158746,362008,6,Self-Employed,0
773,93560,144401,36,Employed,1
416,164946,257677,24,Employed,0
426,53642,288313,36,Unemployed,0
692,238892,88468,36,Employed,1
357,75160,35594,12,Unemployed,0
812,27602,471173,6,Employed,0
395,113320,192703,48,Employed,0
417,98801,46033,60,Unemployed,0
787,35931,64133,60,Self-Employed,1
536,104377,467381,6,Employed,0
571,39192,74861,48,Self-Employed,0
488,56542,184362,60,Employed,0
746,137015,488247,6,Employed,0
546,52520,294894,60,Employed,0
375,74772,489371,36,Employed,0
453,199834,41461,24,Self-Employed,0
734,60106,468016,24,Self-Employed,0
385,91121,79222,60,Employed,0
584,35559,113020,12,Employed,0
519,115595,287370,48,Self-Employed,0
368,43742,269865,48,Unemployed,0
346,79669,450370,48,Unemployed,0
393,221271,21609,36,Self-Employed,0
752,162826,446346,48,Employed,1
503,145044,131513,24,Employed,0
517,80831,204981,36,Unemployed,0
773,122217,105211,6,Unemployed,0
731,51873,187321,48,Self-Employed,0
640,235733,443111,48,Unemployed,0
850,116532,488689,6,Self-Employed,0
588,136267,399872,48,Unemployed,0
553,150975,388009,6,Unemployed,0
656,144092,337664,36,Unemployed,0
322,51755,457956,24,Employed,0
821,95956,327453,6,Employed,0
399,96988,30984,12,Employed,0
479,55648,119947,6,Unemployed,0
522,244609,205894,48,Self-Employed,0
741,135991,6901,36,Self-Employed,1
624,150588,163624,60,Self-Employed,1
815,125005,223317,36,Self-Employed,1
315,12396,294199,60,Employed,0
635,94082,169757,6,Employed,0
557,160201,468181,24,Unemployed,0
796,138322,146788,12,Unemployed,0
459,142663,115099,36,Self-Employed,0
774,21303,12138,48,Employed,1
679,171633,167370,60,Self-Employed,1
844,81719,445328,48,Unemployed,0
726,233180,24429,24,Unemployed,0
567,109616,51200,60,Self-Employed,0
716,134165,203380,36,Unemployed,0
467,96231,442460,6,Self-Employed,0
342,17314,249289,48,Employed,0
584,29623,246127,24,Self-Employed,0
696,208747,364412,36,Employed,1
311,237898,237513,36,Employed,0
601,206154,18347,36,Unemployed,0
552,224696,148992,36,Unemployed,0
798,115228,32822,60,Unemployed,0
334,174202,440875,36,Self-Employed,0
389,192828,41108,48,Self-Employed,0
717,107624,392099,24,Unemployed,0
414,167364,483315,60,Self-Employed,0
495,121785,8967,36,Unemployed,0
800,96206,373863,12,Self-Employed,0
792,79274,12871,12,Employed,1
374,143541,226371,24,Employed,0
712,63947,209524,6,Unemployed,0
675,163606,206342,6,Self-Employed,0
719,204692,165685,60,Self-Employed,1
576,58874,29179,60,Employed,0
693,59708,252537,60,Employed,0
756,84553,184260,6,Unemployed,0
491,78344,318243,12,Employed,0
398,59138,36262,6,Unemployed,0
847,195374,341357,48,Employed,1
395,57638,380551,36,Employed,0
489,88249,412484,60,Self-Employed,0
336,115865,472082,12,Employed,0
668,12719,349413,24,Employed,0
824,163962,61545,24,Unemployed,0
578,218308,235555,36,Employed,0
516,177581,224894,12,Unemployed,0
572,52534,204218,6,Employed,0
361,243374,466182,6,Employed,0
641,102241,303066,48,Unemployed,0
696,159859,473580,48,Self-Employed,1
318,136209,43913,6,Unemployed,0
476,189917,360177,24,Unemployed,0
695,199004,367936,60,Unemployed,0
744,102124,251497,24,Self-Employed,1
532,101659,449893,48,Employed,0
375,174134,496370,36,Unemployed,0
564,85713,444057,6,Unemployed,0
754,228335,178404,48,Self-Employed,1
683,236828,486278,48,Unemployed,0
805,201533,383007,60,Employed,1
666,85418,489910,6,Self-Employed,0
443,207744,157104,60,Employed,0
368,138232,169918,6,Employed,0
398,175904,191546,60,Self-Employed,0
695,173038,45936,24,Unemployed,0
324,213617,161866,36,Employed,0
768,154059,193660,36,Employed,1
783,178383,203056,6,Employed,0
450,41575,444547,12,Employed,0
443,73852,226469,48,Self-Employed,0
338,142079,29141,48,Self-Employed,0
408,212053,403290,6,Employed,0
341,86242,138478,60,Unemployed,0
485,188589,98359,12,Employed,0
697,39257,386423,24,Unemployed,0
522,228344,155363,60,Employed,0
432,183279,42568,60,Unemployed,0
462,154353,98539,6,Employed,0
514,71246,47851,6,Unemployed,0
534,11435,494158,48,Employed,0
308,239947,55823,6,Employed,0
373,241758,24312,6,Unemployed,0
791,101357,437324,6,Self-Employed,0
552,167732,461134,48,Unemployed,0
529,146156,428387,24,Self-Employed,0
818,223269,435995,24,Employed,1
473,154579,200900,6,Unemployed,0
467,213667,361867,48,Unemployed,0
469,93807,275555,24,Unemployed,0
692,186611,497037,60,Self-Employed,1
493,125953,250062,24,Self-Employed,0
816,148563,320153,24,Employed,1
328,191264,409638,48,Self-Employed,0
464,221467,436684,60,Self-Employed,0
721,133797,33371,48,Employed,1
638,73888,58022,6,Unemployed,0
795,83609,334373,36,Unemployed,0
664,19077,100071,24,Employed,0
641,30953,183268,36,Unemployed,0
799,217991,474570,48,Self-Employed,1
810,124682,359918,48,Employed,1
626,77889,490626,48,Employed,0
516,164893,289859,36,Employed,0
600,178639,290749,48,Unemployed,0
431,125374,100853,6,Employed,0
369,34860,32174,48,Employed,0
551,162267,404172,12,Employed,0
714,87475,498660,36,Unemployed,0
744,231946,77373,12,Self-Employed,1
481,97266,332396,48,Employed,0
466,162499,194021,6,Self-Employed,0
390,110732,194718,24,Unemployed,0
830,37083,71017,60,Unemployed,0
338,228118,64037,60,Unemployed,0
425,67372,90818,48,Unemployed,0
750,133786,7548,6,Self-Employed,0
472,185136,117981,36,Employed,0
519,17813,235213,12,Unemployed,0
357,41598,205366,12,Unemployed,0
775,103106,155249,12,Self-Employed,1
755,37082,287166,36,Self-Employed,0
660,39241,107297,60,Unemployed,0
300,237286,137614,6,Employed,0
686,185641,223084,36,Employed,1
647,21745,490536,12,Unemployed,0
489,36029,61428,48,Self-Employed,0
804,154097,154812,24,Unemployed,0
490,242732,322497,36,Unemployed,0
807,133395,484569,36,Self-Employed,0
668,155360,114132,6,Unemployed,0
708,99186,188604,6,Unemployed,0
416,147612,17052,36,Unemployed,0
433,107768,101689,12,Self-Employed,0
357,223030,179148,24,Employed,0
472,209950,447636,6,Employed,0
448,51846,132743,12,Self-Employed,0
379,242220,263307,48,Employed,0
512,85932,304568,6,Unemployed,0
502,158554,447960,12,Employed,0
528,33411,464547,12,Unemployed,0
526,192047,404850,24,Employed,0
831,201617,136870,24,Self-Employed,1
740,88797,285564,48,Employed,1
701,62307,121575,12,Employed,1
346,144165,259230,60,Employed,0
532,218330,292444,12,Self-Employed,0
604,32042,353025,24,Employed,0
825,62930,11749,60,Self-Employed,1
442,185485,105131,6,Unemployed,0
714,234695,157193,6,Employed,0
812,107883,391707,36,Self-Employed,0
672,43756,300631,24,Self-Employed,0
558,63268,226019,36,Employed,0
770,180286,427577,60,Unemployed,0
311,222943,284367,24,Self-Employed,0
629,169674,73930,48,Employed,1
657,194403,146128,12,Unemployed,0
707,58901,291524,48,Self-Employed,0
672,109986,289179,60,Self-Employed,1
307,204488,293764,24,Unemployed,0
421,173268,414093,60,Unemployed,0
647,138386,257553,12,Employed,1
389,15626,449532,6,Employed,0
615,148496,196113,6,Self-Employed,0
477,22857,380504,60,Unemployed,0
839,161054,54352,36,Unemployed,0
340,218033,425127,24,Unemployed,0
801,143052,164856,24,Self-Employed,1
444,189362,4191,6,Unemployed,0
500,36431,427376,48,Unemployed,0
760,94976,353680,12,Self-Employed,0
846,248360,105576,48,Employed,1
552,92711,196713,48,Employed,0
689,36385,443939,60,Self-Employed,0
555,179230,4631,6,Unemployed,0
749,164091,138244,6,Self-Employed,0
309,28639,305224,6,Employed,0
541,95530,221169,60,Employed,0
550,240983,91353,36,Self-Employed,0
304,31563,414497,48,Self-Employed,0
418,180413,29671,60,Employed,0
673,125672,123811,24,Self-Employed,1
364,146848,183503,12,Employed,0
445,177516,222972,36,Self-Employed,0
523,209988,254211,24,Self-Employed,0
538,149783,390878,48,Self-Employed,0
476,215390,225033,6,Employed,0
581,92970,422818,48,Self-Employed,0
362,95553,220861,60,Employed,0
516,171779,314543,12,Employed,0
760,180182,155544,60,Self-Employed,1
404,202860,181302,36,Self-Employed,0
398,92879,467832,36,Employed,0
810,179899,8099,12,Employed,1
684,248260,250686,24,Unemployed,0
704,146727,419647,24,Employed,1
817,54859,57492,36,Unemployed,0
775,194697,97722,36,Unemployed,0
736,62098,441900,6,Unemployed,0
322,156323,31111,24,Self-Employed,0
757,132413,499603,12,Self-Employed,0
382,10526,64936,24,Employed,0
444,78760,154686,6,Unemployed,0
384,57837,224332,60,Self-Employed,0
377,21536,436207,36,Self-Employed,0
756,38541,202548,36,Self-Employed,0
300,89083,250031,6,Self-Employed,0
350,192099,324064,12,Self-Employed,0
745,44531,488510,36,Unemployed,0
748,18712,64530,48,Unemployed,0
787,114101,430440,36,Unemployed,0
333,75455,270932,48,Unemployed,0
647,84744,29082,6,Employed,0
394,139749,386431,6,Unemployed,0
371,15109,90570,36,Self-Employed,0
850,59268,102015,24,Unemployed,0
453,241809,208888,48,Employed,0
549,64615,346732,12,Self-Employed,0
737,92503,148603,36,Unemployed,0
417,170831,351484,12,Unemployed,0
605,95708,95439,36,Unemployed,0
567,201184,439073,24,Self-Employed,0
353,112471,142214,24,Self-Employed,0
535,167661,116053,24,Employed,0
688,171087,49355,60,Self-Employed,1
700,170081,404082,24,Self-Employed,1
602,93309,202139,6,Unemployed,0
506,136446,235706,6,Self-Employed,0
528,203118,498030,60,Unemployed,0
374,116661,126426,48,Unemployed,0
734,167215,65027,12,Self-Employed,1
402,16154,452122,36,Employed,0
721,162876,160210,36,Employed,1
605,182760,93601,60,Self-Employed,1
397,74288,30956,6,Employed,0
634,61195,239340,36,Unemployed,0
734,30581,105797,6,Unemployed,0
746,193720,388061,48,Self-Employed,1
607,40087,389447,12,Employed,0
548,191002,470511,48,Employed,0
465,174053,137511,60,Unemployed,0
780,79298,441457,24,Self-Employed,0
634,56167,305677,24,Employed,0
841,216376,422486,24,Self-Employed,1
405,184480,79815,48,Employed,0
380,49499,40279,36,Unemployed,0
432,135816,372931,12,Unemployed,0
437,193341,418104,24,Self-Employed,0
483,179631,149702,60,Unemployed,0
700,215391,62063,60,Employed,1
629,236389,250599,24,Unemployed,0
807,106347,255311,24,Self-Employed,1
368,58787,128896,12,Self-Employed,0
845,45488,167216,24,Self-Employed,0
352,84441,446377,12,Employed,0
749,215735,490934,60,Employed,1
504,32431,223146,24,Employed,0
425,71681,209432,48,Employed,0
342,204555,183051,48,Employed,0
410,132720,98661,60,Unemployed,0
482,59153,401195,12,Employed,0
394,16368,420405,48,Employed,0
673,168496,174672,12,Unemployed,0
819,122360,453776,48,Employed,0
659,186076,472256,48,Self-Employed,1
580,224941,124257,12,Employed,0
494,229724,455774,36,Employed,0
494,122755,349349,48,Self-Employed,0
392,66985,270054,24,Self-Employed,0
360,60069,451929,60,Self-Employed,0
350,62326,310001,36,Self-Employed,0
702,118737,35964,12,Employed,1
304,222133,479883,36,Self-Employed,0
765,164470,419443,6,Self-Employed,0
833,239465,400194,6,Unemployed,0
704,60861,481743,48,Self-Employed,0
812,85897,280297,48,Self-Employed,1
532,222977,322909,24,Unemployed,0
823,137118,231156,60,Unemployed,0
645,78577,109212,36,Employed,1
345,206713,40071,6,Unemployed,0
845,19078,113990,48,Employed,0
377,166075,70519,60,Unemployed,0
372,72768,10503,36,Unemployed,0
548,61047,192775,48,Employed,0
346,81626,458595,48,Unemployed,0
420,67660,96457,6,Employed,0
513,245458,189938,6,Unemployed,0
538,190858,148977,48,Self-Employed,0
355,142997,46838,12,Unemployed,0
649,225048,388344,48,Employed,1
406,246293,452495,60,Unemployed,0
347,127832,90489,48,Employed,0
636,140406,27806,24,Employed,1
325,135150,177072,24,Self-Employed,0
556,167087,416384,24,Self-Employed,0
307,43320,71119,12,Employed,0
552,74881,301858,12,Unemployed,0
602,100827,186165,48,Employed,1
355,112215,318563,24,Employed,0
825,167361,443361,12,Unemployed,0
773,144461,106432,6,Unemployed,0
327,166755,471641,48,Unemployed,0
377,154701,356093,60,Unemployed,0
515,71550,472027,36,Employed,0
685,34826,396677,48,Employed,0
664,110734,408507,36,Self-Employed,0
825,167702,178876,24,Employed,1
611,239834,340115,36,Unemployed,0
306,187235,356615,24,Self-Employed,0
302,108511,328090,6,Unemployed,0
662,207507,362133,36,Employed,1
807,21653,85080,48,Self-Employed,0
573,169033,253791,24,Unemployed,0
805,91941,455548,48,Self-Employed,0
314,215209,78794,12,Self-Employed,0
491,43662,293985,24,Employed,0
784,108818,125447,36,Unemployed,0
327,197518,121029,24,Self-Employed,0
338,162360,180830,48,Self-Employed,0
572,105081,339416,6,Unemployed,0
530,46877,38643,24,Self-Employed,0
385,121562,444624,36,Self-Employed,0
773,156385,307094,12,Self-Employed,1
425,221957,188921,60,Unemployed,0
836,82715,363644,6,Unemployed,0
444,151398,160116,12,Unemployed,0
824,120091,499685,24,Unemployed,0
511,142632,388732,48,Employed,0
324,89148,16997,48,Self-Employed,0
693,93186,342895,36,Unemployed,0
366,167817,99605,48,Self-Employed,0
532,172962,418127,6,Self-Employed,0
408,161094,318677,48,Employed,0
445,133629,345710,36,Unemployed,0
410,193651,226942,60,Unemployed,0
527,80316,146643,24,Self-Employed,0
410,224919,109255,24,Unemployed,0
769,38380,261298,48,Self-Employed,0
333,120198,488679,12,Self-Employed,0
668,12356,452157,24,Employed,0
724,80326,59005,60,Employed,1
817,102447,218322,48,Employed,1
581,124994,190784,36,Self-Employed,0
619,230971,44541,60,Unemployed,0
742,30049,24387,48,Employed,1
614,216789,357124,60,Unemployed,0
676,115361,180980,24,Employed,1
588,26082,86457,36,Employed,0
736,10661,145129,48,Self-Employed,0
576,178484,65028,6,Employed,0
802,12920,120246,36,Employed,0
815,232266,318875,6,Self-Employed,0
649,201387,156930,60,Unemployed,0
745,89561,180761,12,Employed,1
649,18946,45638,36,Self-Employed,1
436,235314,485814,60,Employed,0
542,186572,496602,6,Self-Employed,0
842,245612,178558,24,Unemployed,0
339,26309,21567,24,Unemployed,0
528,65230,423955,12,Self-Employed,0
847,121822,58804,36,Self-Employed,1
522,239728,371965,36,Self-Employed,0
305,171099,4754,36,Unemployed,0
621,213613,28044,60,Employed,1
767,122340,68260,12,Unemployed,0
374,69321,67912,36,Self-Employed,0
303,142028,257695,60,Self-Employed,0
417,241447,9706,24,Unemployed,0
803,84131,272038,6,Self-Employed,0
740,188980,412253,60,Unemployed,0
493,219411,347130,24,Self-Employed,0
691,35963,345086,24,Employed,0
325,111757,183684,6,Employed,0
734,180515,30725,24,Self-Employed,1
472,109259,137998,12,Unemployed,0
599,49063,105555,6,Employed,0
625,124225,262486,24,Unemployed,0
709,126400,272640,48,Self-Employed,1
417,90818,57447,60,Unemployed,0
524,14703,364748,24,Employed,0
831,206200,161878,12,Unemployed,0
412,82099,351343,36,Unemployed,0
439,166921,42321,24,Self-Employed,0
300,172932,254113,36,Self-Employed,0
389,41585,234103,48,Self-Employed,0
619,163087,459311,24,Employed,1
849,218611,416872,6,Employed,0
438,53585,56147,36,Self-Employed,0
810,36958,92396,48,Self-Employed,1
558,36017,443882,6,Employed,0
309,217779,476584,6,Employed,0
560,134677,301931,6,Employed,0
471,186422,245839,6,Employed,0
312,153273,457162,24,Self-Employed,0
467,39426,22727,60,Employed,0
620,27778,240423,24,Self-Employed,0
618,186313,96081,24,Unemployed,0
628,52229,385865,48,Unemployed,0
849,96652,242130,48,Employed,1
718,138267,69056,60,Unemployed,0
394,189436,135153,48,Unemployed,0
617,239905,166268,12,Unemployed,0
535,136503,168807,60,Employed,0
633,94878,236821,48,Employed,1
675,67056,81102,60,Unemployed,0
758,168562,473794,24,Self-Employed,1
436,29975,157570,24,Unemployed,0
846,167795,77865,60,Employed,1
812,164351,163728,12,Employed,1
595,219373,68695,12,Employed,0
619,152633,432116,60,Unemployed,0
648,248507,118235,48,Self-Employed,1
528,207133,479115,36,Employed,0
569,98397,441917,12,Employed,0
590,190225,109777,6,Unemployed,0
464,43142,20033,24,Self-Employed,0
304,36916,142877,60,Unemployed,0
678,74324,167923,6,Employed,0
377,186037,27832,60,Self-Employed,0
709,135932,195509,24,Self-Employed,1
431,145720,378869,24,Employed,0
341,176205,146016,12,Self-Employed,0
388,191749,283017,12,Self-Employed,0
701,106059,41372,6,Unemployed,0
595,235660,90464,60,Employed,0
594,241022,147451,24,Employed,0
825,108317,118322,6,Employed,0
721,211207,168823,36,Employed,1
322,45046,363226,6,Employed,0
442,188136,221894,48,Self-Employed,0
444,111459,268254,6,Unemployed,0
524,247697,448557,48,Employed,0
802,210422,275231,48,Unemployed,0
403,55893,417978,48,Unemployed,0
338,111520,345761,36,Self-Employed,0
497,135818,101483,6,Employed,0
690,71272,10596,6,Self-Employed,0
478,233224,235627,36,Employed,0
747,77649,108539,24,Self-Employed,1
799,74674,19313,12,Unemployed,0
314,249614,376319,6,Employed,0
588,154832,198621,12,Unemployed,0
777,162999,115914,60,Unemployed,0
530,96475,24705,60,Self-Employed,0
719,71367,199436,36,Employed,1
456,239027,336589,60,Unemployed,0
849,153660,104892,60,Self-Employed,1
740,131750,210717,24,Employed,1
396,242750,265167,24,Employed,0
710,245806,120654,24,Unemployed,0
588,128154,191868,60,Employed,0
553,193305,81073,36,Unemployed,0
495,54738,355341,48,Employed,0
821,43397,65429,48,Self-Employed,1
816,92189,105195,12,Unemployed,0
417,86367,193699,48,Unemployed,0
458,212332,34848,48,Employed,0
527,130585,432020,24,Employed,0
515,86619,409595,24,Unemployed,0
314,121453,453880,60,Employed,0
456,29816,290910,12,Self-Employed,0
560,183312,69099,6,Employed,0
456,147348,430276,12,Self-Employed,0
346,245271,488949,12,Self-Employed,0
623,89530,70122,36,Self-Employed,1
429,164571,148159,60,Self-Employed,0
710,229648,49868,36,Self-Employed,1
394,118856,120119,12,Employed,0
591,223567,417441,12,Self-Employed,0
582,81635,358430,12,Employed,0
368,117803,269787,48,Self-Employed,0
310,226184,487275,36,Unemployed,0
553,45946,299871,12,Self-Employed,0
849,65204,405221,24,Unemployed,0
433,192958,110079,60,Self-Employed,0
322,212724,328841,60,Self-Employed,0
645,25563,17029,24,Self-Employed,1
601,102324,247353,60,Unemployed,0
662,233536,408442,48,Unemployed,0
695,242944,195718,48,Self-Employed,1
517,19847,454819,6,Employed,0
440,36155,422947,6,Self-Employed,0
509,89671,372602,6,Unemployed,0
759,126891,373528,60,Self-Employed,1
655,93310,69926,48,Unemployed,0
623,208350,138069,48,Unemployed,0
432,159381,318650,48,Unemployed,0
426,141691,341373,24,Self-Employed,0
405,224266,444031,48,Unemployed,0
677,191180,43092,24,Unemployed,0
350,44707,325683,6,Self-Employed,0
328,161409,460293,6,Unemployed,0
761,91537,153889,60,Self-Employed,1
595,207576,169933,6,Unemployed,0
596,188686,14428,60,Employed,0
706,232500,176006,12,Employed,1
704,101155,247627,12,Unemployed,0
645,10281,246439,36,Employed,0
719,168492,142330,60,Self-Employed,1
481,221968,58775,36,Employed,0
300,180102,213652,36,Unemployed,0
670,142130,489163,12,Unemployed,0
730,227285,268613,60,Self-Employed,1
608,86260,291998,12,Unemployed,0
436,169476,138328,36,Self-Employed,0
501,244554,256158,60,Employed,0
735,246356,77256,36,Employed,1
612,170928,428153,48,Self-Employed,1
416,150272,362278,60,Self-Employed,0
543,74178,133723,60,Unemployed,0
836,43997,182360,36,Employed,0
374,166683,347874,48,Self-Employed,0
685,129273,419267,24,Employed,1
509,182307,290530,12,Self-Employed,0
774,176129,469270,36,Employed,1
717,142311,243634,60,Unemployed,0
646,244746,410400,12,Employed,1
828,206733,34787,12,Employed,1
478,136945,22621,12,Employed,0
481,55272,469780,24,Employed,0
324,99393,78984,6,Employed,0
479,71212,454008,36,Unemployed,0
800,156470,439469,6,Self-Employed,0
460,130030,297195,6,Employed,0
476,66503,312955,6,Unemployed,0
584,147710,31447,12,Employed,0
362,16570,129046,48,Employed,0
455,78785,216002,12,Self-Employed,0
768,19110,494253,12,Employed,0
348,246971,162326,60,Unemployed,0
383,89141,347189,60,Unemployed,0
660,22115,117859,6,Self-Employed,0
447,49062,189490,12,Employed,0
641,32911,408688,6,Unemployed,0
775,114061,4471,60,Employed,1
362,42556,239404,48,Employed,0
659,219203,121312,36,Employed,1
626,138335,227876,6,Self-Employed,0
440,11969,140401,48,Employed,0
514,53753,166937,36,Unemployed,0
734,223883,47850,24,Employed,1
617,145542,317364,6,Unemployed,0
331,131863,244306,6,Employed,0
584,20225,94808,24,Unemployed,0
604,248932,138469,24,Unemployed,0
728,133008,229981,6,Employed,0
776,248582,167597,24,Employed,1
585,249367,54072,12,Unemployed,0
443,164268,222178,36,Self-Employed,0
723,115823,84820,36,Employed,1
318,23669,478746,36,Self-Employed,0
317,178452,24284,12,Employed,0
670,134398,455546,24,Employed,0
474,120677,84369,48,Employed,0
493,58320,288266,24,Employed,0
801,188486,393493,6,Self-Employed,0
412,244614,333697,60,Employed,0
413,156649,213978,36,Unemployed,0
521,135354,357932,24,Unemployed,0
563,98009,63812,48,Self-Employed,0
354,196481,271143,6,Employed,0
757,38625,285580,12,Unemployed,0
461,222112,306107,12,Self-Employed,0
679,34089,134168,48,Employed,0
386,46487,245809,6,Unemployed,0
354,206910,419495,36,Unemployed,0
775,238071,253164,24,Self-Employed,1
477,120448,372043,6,Employed,0
690,235867,246317,12,Employed,1
648,60138,289345,48,Unemployed,0
307,183895,151787,48,Unemployed,0
612,178280,161381,24,Unemployed,0
742,64061,147150,48,Employed,1
627,171731,450830,48,Self-Employed,1
353,111376,6105,6,Self-Employed,0
538,172962,380810,36,Employed,0
528,89134,357992,24,Self-Employed,0
350,57055,265983,6,Unemployed,0
563,29508,69920,36,Self-Employed,0
717,183359,306763,6,Self-Employed,0
395,219988,43821,60,Self-Employed,0
387,168056,126736,6,Unemployed,0
377,120169,407709,48,Employed,0
587,18125,18069,36,Unemployed,0
419,46059,8531,24,Employed,0
790,210641,431267,24,Employed,1
751,113409,139808,36,Employed,1
799,158159,139782,48,Self-Employed,1
464,247509,68155,12,Self-Employed,0
481,15704,408191,6,Employed,0
768,201648,63424,48,Employed,1
306,214456,308747,60,Self-Employed,0
629,228200,417468,36,Unemployed,0
450,121279,475013,6,Employed,0
384,213532,133503,24,Unemployed,0
446,168280,206675,12,Self-Employed,0
680,128516,169553,60,Employed,1
847,226222,355717,24,Unemployed,0
584,207096,141629,36,Unemployed,0
381,180954,469187,6,Unemployed,0
813,166995,366446,36,Self-Employed,1
822,124044,132234,6,Self-Employed,0
685,242549,428958,48,Unemployed,0
770,39165,20675,12,Unemployed,0
418,77203,74997,48,Self-Employed,0
695,232821,149087,48,Unemployed,0
831,14114,444273,36,Unemployed,0
560,206037,426807,12,Self-Employed,0
555,46321,487799,6,Unemployed,0
525,83297,232390,6,Unemployed,0
352,106652,141905,60,Unemployed,0
799,109304,271040,24,Self-Employed,1
805,166498,427188,60,Unemployed,0
663,27772,312877,60,Self-Employed,0
579,113754,252435,6,Self-Employed,0
457,13712,42800,36,Employed,0
358,142439,97044,48,Employed,0
427,247565,268491,48,Unemployed,0
414,248389,191135,48,Self-Employed,0
508,125142,490066,12,Employed,0
825,101736,134715,6,Unemployed,0
820,61924,303929,36,Employed,0
536,13726,281825,12,Employed,0
580,99152,444242,24,Self-Employed,0
658,37723,367008,36,Self-Employed,0
500,136969,410108,60,Employed,0
577,244182,310443,36,Employed,0
534,110494,18073,36,Self-Employed,0
793,150180,365448,48,Unemployed,0
303,218786,31682,36,Self-Employed,0
741,45643,229870,60,Employed,0
328,172396,228966,60,Unemployed,0
408,113896,387446,6,Employed,0
374,224432,408505,36,Unemployed,0
445,149999,116359,48,Employed,0
427,103680,402143,36,Unemployed,0
341,106546,442546,24,Unemployed,0
655,163515,67707,24,Employed,1
340,89973,252351,48,Unemployed,0
333,73449,471670,6,Self-Employed,0
316,119834,239511,6,Employed,0
452,246386,236718,60,Self-Employed,0
